"","employ_sector","week","date","Total","age18_24","age25_39","age40_54","age55_64","age_over65","sex_male","sex_female","race_latino","race_white","race_black","race_asian","race_multi","ed_less_than_hs","ed_hs","ed_some_college","ed_college","marital_married","marital_widow","marital_divorce","marital_never","marital_nonresp","child_yes","child_no","health5","health4","health3","health2","health1","health_missing","inc_less_than_25k","inc25_35k","inc35_50k","inc50_75k","inc75_100k","inc100_150k","inc150_200k","inc_over200k","inc_nonresp","house1","house2","house3","house4","house5","house6","house7_or_more","spend_inc","spend_credit","spend_savings","spend_borrow","spend_ui","spend_stimulus","spend_deferred","spend_nonresp"
"1","Total",1,2020-05-04,249170916,15224273,75625156,63304137,43409325,51608025,120531610,128639306,41785906,156442684,28617017,12738853,9586456,17668871,79924953,75928558,75648533,138184423,9920995,37010975,62279190,1775333,99967013,149203903,43662038,78696630,67011238,29574710,6871531,23354769,34828279,25707367,27626364,38956223,28327074,31988761,13586491,14344020,33806337,NA,NA,NA,NA,NA,NA,NA,NA,NA,NA,NA,NA,NA,NA,NA
"2","Government",1,2020-05-04,19793765,1027191,7108136,6366112,3784104,1508221,9094702,10699063,3167531,11215276,3454241,959988,996729,677436,4103327,5501318,9511684,12259084,257120,2454208,4740181,83172,8945153,10848612,4417167,7148894,5099267,1479005,151979,1497453,1508453,1152976,1876450,3629598,3063481,3821479,1484341,1185073,2071914,NA,NA,NA,NA,NA,NA,NA,NA,NA,NA,NA,NA,NA,NA,NA
"3","Private company",1,2020-05-04,77606122,4791325,30709251,23953434,13453043,4699070,42934798,34671324,13322080,48810706,8200730,4403236,2869370,4821231,21762902,24778882,26243108,43438846,1640934,10896136,21507715,122491,36035844,41570278,15746104,27352514,19825698,6771591,1078018,6832197,5674385,6869569,8072178,12525646,9904954,12187146,5929356,6876079,9566809,NA,NA,NA,NA,NA,NA,NA,NA,NA,NA,NA,NA,NA,NA,NA
"4","Nonprofit organization",1,2020-05-04,13033598,620115,4867239,4153011,2424422,968811,4558828,8474770,1585082,8307668,1823372,788412,529063,79438,1884436,3321150,7748573,7590939,250928,1501978,3681608,8146,5769359,7264238,2842484,5175404,3065067,910420,135490,904731,777477,903674,1489464,2381696,1732350,2389884,1013195,1086175,1259682,NA,NA,NA,NA,NA,NA,NA,NA,NA,NA,NA,NA,NA,NA,NA
"5","Self-employed",1,2020-05-04,13455689,531542,3152203,4552281,2824091,2395572,7763259,5692430,2546416,8863869,871175,660906,513323,1577978,3630242,3567625,4679845,9125467,337220,1636526,2329097,27380,5710958,7744731,3359139,4497433,3215542,1033249,290982,1059345,1732691,989446,1897733,1926451,1500253,1701352,856086,1377367,1474311,NA,NA,NA,NA,NA,NA,NA,NA,NA,NA,NA,NA,NA,NA,NA
"6","Family business",1,2020-05-04,3732445,337451,1242933,1161658,658677,331726,2023807,1708638,826337,2357253,221243,237622,89989,438014,1345648,1016923,931859,2271801,30222,418107,992579,19736,1770365,1962079,740701,1033515,1037308,304709,5613,610600,544150,209655,374153,602027,369515,402386,177335,266973,786251,NA,NA,NA,NA,NA,NA,NA,NA,NA,NA,NA,NA,NA,NA,NA
"7","Did not report",1,2020-05-04,2054846,109094,674296,510769,473810,286876,621652,1433194,340587,1099576,434169,75717,104798,131921,797783,658144,466999,894766,76503,459122,551682,72774,926155,1128691,440097,558678,522213,213776,43528,276555,205863,284506,254715,355476,183140,275611,71928,66505,357101,NA,NA,NA,NA,NA,NA,NA,NA,NA,NA,NA,NA,NA,NA,NA
"8","Unemploy",1,2020-05-04,117752949,7722893,27398465,22176648,19522619,40932325,52718853,65034096,19616389,74767262,13415624,5511581,4442092,9831448,45648322,36673094,25600085,62198886,7306662,19427998,28327037,492366,40396231,77356718,16002951,32811189,34130242,18835149,5162000,10811418,24331564,15227045,13616899,17466182,11554296,11176557,4047973,3476104,16856329,NA,NA,NA,NA,NA,NA,NA,NA,NA,NA,NA,NA,NA,NA,NA
"9","Nonresp",1,2020-05-04,1741502,84662,472633,430224,268560,485424,815711,925791,381484,1021073,196463,101392,41091,111405,752294,411424,466381,404635,21407,216900,149291,949269,412947,1328555,113395,119003,115902,26812,3920,1362470,53695,70496,44773,69148,19085,34347,6275,9744,1433940,NA,NA,NA,NA,NA,NA,NA,NA,NA,NA,NA,NA,NA,NA,NA
"10","Total",2,2020-05-11,249170916,9682957,78679085,66581707,43605294,50621874,120531610,128639306,40000797,159644876,26622062,14017274,8885907,15623810,82017843,75901912,75627352,140138783,9637140,37233285,60971351,1190357,98576979,150593937,41145387,80698283,69772400,31220243,7473772,18860831,35242194,27085271,29470256,39965512,29422668,32040139,14544793,15568539,25831544,NA,NA,NA,NA,NA,NA,NA,NA,NA,NA,NA,NA,NA,NA,NA
"11","Government",2,2020-05-11,18986988,451559,6534411,7266087,3698171,1036759,8479593,10507395,2620347,12072248,2797685,828333,668376,394239,3940661,5073456,9578633,12112125,257328,2484007,4087778,45749,8461300,10525689,4178552,6878465,5159335,1283884,158911,1327841,1400842,1060813,1720643,3710389,2677460,3724944,1789879,1238994,1663024,NA,NA,NA,NA,NA,NA,NA,NA,NA,NA,NA,NA,NA,NA,NA
"12","Private company",2,2020-05-11,79633811,3136761,32675674,25564215,13651624,4605536,44948921,34684889,14227784,51088676,7346838,4501077,2469435,3647903,23512996,25902293,26570619,46218214,1349223,10392673,21347993,325708,37812751,41821059,15589126,28906468,21743586,6645512,1145277,5603841,5474701,7511765,8801664,13050393,10237781,13052528,6334365,7829727,7340887,NA,NA,NA,NA,NA,NA,NA,NA,NA,NA,NA,NA,NA,NA,NA
"13","Nonprofit organization",2,2020-05-11,13216375,85388,5270108,4201233,2405166,1254480,4668304,8548071,1977704,8596438,1618926,655846,367461,105613,2052142,3150036,7908583,7772431,324355,1697226,3368312,54051,5706715,7509660,2937435,5110776,3073836,1116717,107565,870045,918900,1192908,1140645,2121847,1943646,2575436,1003334,1086661,1232997,NA,NA,NA,NA,NA,NA,NA,NA,NA,NA,NA,NA,NA,NA,NA
"14","Self-employed",2,2020-05-11,12917239,422441,3758857,3450533,2893724,2391684,7290531,5626708,1420473,8996363,1333873,749507,417022,969767,3678419,3691494,4577559,8674839,261516,1890052,2066382,24450,5646061,7271178,3316283,4252714,3295147,944716,210584,897795,1729981,1286007,1517510,1875889,1371760,1392070,930618,1687093,1126311,NA,NA,NA,NA,NA,NA,NA,NA,NA,NA,NA,NA,NA,NA,NA
"15","Family business",2,2020-05-11,3069548,217721,834343,1226615,436952,353916,1288227,1781321,428799,1984972,109544,454665,91568,341758,1270427,672993,784370,2065213,39183,273425,690653,1074,1345633,1723915,580425,1245046,943302,183956,6079,110740,283850,413720,194449,691690,314974,223599,122632,354913,469720,NA,NA,NA,NA,NA,NA,NA,NA,NA,NA,NA,NA,NA,NA,NA
"16","Did not report",2,2020-05-11,1481272,5679,534484,581261,282779,77069,447012,1034260,552479,631979,122230,54651,119934,338951,451364,372545,318412,675588,5197,325337,454286,20864,915191,566081,138608,307148,694518,204596,19528,116875,237396,199593,215127,178458,157682,108319,73947,56882,253868,NA,NA,NA,NA,NA,NA,NA,NA,NA,NA,NA,NA,NA,NA,NA
"17","Unemploy",2,2020-05-11,119079068,5363407,28920758,24114016,20013497,40667390,53090730,65988337,18648859,75773221,13222206,6688938,4745843,9767253,46783340,36849529,25678945,62368773,7376612,20152948,28925424,255310,38566209,80512859,14394320,33961388,34703802,20798597,5825124,9395836,25103961,15410239,15849108,18311340,12649755,10955431,4284821,3311868,13202543,NA,NA,NA,NA,NA,NA,NA,NA,NA,NA,NA,NA,NA,NA,NA
"18","Nonresp",2,2020-05-11,786616,NA,150449,177746,223380,235041,318292,468325,124352,500978,70760,84257,6269,58325,328495,189567,210230,251599,23726,17617,30523,463151,123119,663497,10639,36278,158874,42265,702,537858,92562,10227,31111,25505,69609,7812,5197,2401,542193,NA,NA,NA,NA,NA,NA,NA,NA,NA,NA,NA,NA,NA,NA,NA
"19","Total",3,2020-05-18,249170916,20400788,72185555,60364719,43232507,52987347,120531610,128639306,42061692,156001493,29437660,13114758,8555313,23777715,73891935,75937901,75563365,130781424,10419812,36252464,70112181,1605036,94452723,154718193,42522298,77122921,66538484,32307387,6477796,24202030,35205218,26175093,26840600,38840007,27478780,31508739,14014549,15283901,33824029,NA,NA,NA,NA,NA,NA,NA,NA,NA,NA,NA,NA,NA,NA,NA
"20","Government",3,2020-05-18,19599401,1312754,7062624,6061383,3965517,1197123,9199387,10400015,2618397,12179392,3180480,811557,809576,820449,3694243,5098177,9986533,11723190,308098,2312331,5229802,25980,8235584,11363817,4562924,7282027,4751469,1424823,179318,1398839,1483218,1095326,1698292,3807645,2873174,3784928,1780912,1204663,1871245,NA,NA,NA,NA,NA,NA,NA,NA,NA,NA,NA,NA,NA,NA,NA
"21","Private company",3,2020-05-18,76011539,7376720,27514344,23629323,12791636,4699516,41920066,34091473,13637232,47815883,7518674,4601946,2437804,5216915,19868389,25419204,25507031,40085415,1300162,10162215,24323679,140068,32564179,43447360,15212479,25729921,19742783,6958455,556377,7811524,5471766,6361197,7612616,11622748,8879347,12102951,5801875,7631636,10527404,NA,NA,NA,NA,NA,NA,NA,NA,NA,NA,NA,NA,NA,NA,NA
"22","Nonprofit organization",3,2020-05-18,13710697,441634,5312084,4069801,2496557,1390622,4786787,8923910,1909602,8984972,1588253,759086,468784,347902,1643479,3267430,8451886,8390112,298342,1518824,3488721,14699,6023926,7686772,3151515,5523454,3213115,923166,90443,809004,949685,953834,1285695,2322475,2119224,2572304,1378938,1092378,1036163,NA,NA,NA,NA,NA,NA,NA,NA,NA,NA,NA,NA,NA,NA,NA
"23","Self-employed",3,2020-05-18,13036298,607580,3122014,3953164,3121372,2232168,7501533,5534765,2065702,8698823,1148645,679084,444045,1486348,3488956,3298073,4762921,8550854,297546,1778270,2381132,28497,5547305,7488993,3449494,3975129,2955586,1412417,148513,1095159,1620783,1677447,1278457,1687392,1450256,1467738,932381,1373330,1548514,NA,NA,NA,NA,NA,NA,NA,NA,NA,NA,NA,NA,NA,NA,NA
"24","Family business",3,2020-05-18,3280147,605932,865832,879489,599245,329649,1796056,1484091,720411,1996964,149894,183064,229814,496372,1150804,868956,764016,1552420,39108,323309,1354633,10677,1710908,1569238,654262,1107923,769453,215478,58512,474518,397697,260425,303736,494817,348787,342890,125483,255867,750446,NA,NA,NA,NA,NA,NA,NA,NA,NA,NA,NA,NA,NA,NA,NA
"25","Did not report",3,2020-05-18,2229740,143744,910841,585399,457028,132728,835934,1393806,500552,992115,547186,107661,82225,340371,911475,740643,237251,771480,41783,538543,747234,130701,1139298,1090442,255256,347221,709589,467227,27346,423101,208652,464021,276849,286145,121774,243788,41333,86559,500618,NA,NA,NA,NA,NA,NA,NA,NA,NA,NA,NA,NA,NA,NA,NA
"26","Unemploy",3,2020-05-18,120092169,9790422,27124400,20882715,19641544,42653088,53840165,66252004,20407257,74605291,15127049,5899832,4052740,14926592,42539600,37003214,25622762,59449494,8109018,19454664,32518806,560186,38999051,81093118,15188309,33004678,34304673,20879126,5401869,11313514,24999846,15272402,14371802,18608414,11645506,10959792,3946106,3632702,16655600,NA,NA,NA,NA,NA,NA,NA,NA,NA,NA,NA,NA,NA,NA,NA
"27","Nonresp",3,2020-05-18,1210925,122002,273415,303445,159608,352455,651682,559243,202539,728055,177478,72527,30326,142767,594989,242204,230965,258459,25756,164309,68175,694227,232471,978454,48060,152568,91814,26695,15418,876371,73571,90441,13152,10371,40713,34350,7522,6766,934039,NA,NA,NA,NA,NA,NA,NA,NA,NA,NA,NA,NA,NA,NA,NA
"28","Total",4,2020-05-25,249170916,21688269,70207207,61276981,42501546,53496912,120531610,128639306,42178742,156201283,28835799,12808633,9146460,21028221,76582096,75954279,75606319,133928426,10718678,35569125,67198060,1756627,94886814,154284102,43232928,75991678,62966705,29708427,7496450,29774728,31965221,23595340,25588994,37313292,28693907,31921715,14126769,15394960,40570719,NA,NA,NA,NA,NA,NA,NA,NA,NA,NA,NA,NA,NA,NA,NA
"29","Government",4,2020-05-25,20895162,1337919,7478128,6895440,3868630,1315045,9797980,11097182,3530872,12413795,3074780,972581,903133,942961,4193463,5416330,10342408,12247642,428836,2740599,5427832,50252,8726794,12168367,4375237,7912101,4655480,1572794,162860,2216689,1253630,1135101,1926552,3522069,2900572,4111802,1783168,1446673,2815595,NA,NA,NA,NA,NA,NA,NA,NA,NA,NA,NA,NA,NA,NA,NA
"30","Private company",4,2020-05-25,77711275,6297583,30070806,23155997,12883508,5303380,43528636,34182639,12246707,50586080,7826123,4429133,2623231,3788055,22965002,25010710,25947509,42668065,1237960,9930617,23639441,235192,32875754,44835521,15890292,26636934,19705839,6150064,979232,8348914,5000777,6052814,7459130,12448125,9711852,12618879,6253435,6892931,11273331,NA,NA,NA,NA,NA,NA,NA,NA,NA,NA,NA,NA,NA,NA,NA
"31","Nonprofit organization",4,2020-05-25,13077128,881205,4687196,3907964,2461568,1139195,4199399,8877729,1551565,8267986,1740748,926858,589970,228970,1910070,3126259,7811829,7652230,226210,1662944,3498803,36942,5253473,7823656,3005635,4850641,3062657,993370,68070,1096755,1143981,856511,959496,1866480,2094387,2378169,1181796,1115428,1480880,NA,NA,NA,NA,NA,NA,NA,NA,NA,NA,NA,NA,NA,NA,NA
"32","Self-employed",4,2020-05-25,14269904,837441,2793894,4723311,3181546,2733712,7748555,6521348,3105211,9102675,1173282,571762,316974,1961072,3427559,3977414,4903859,9491769,467787,1779992,2487306,43049,5733697,8536207,3247461,4693154,2993617,1316968,552931,1465772,2026996,1087538,1292721,1820214,1746246,1889591,961803,1493334,1951460,NA,NA,NA,NA,NA,NA,NA,NA,NA,NA,NA,NA,NA,NA,NA
"33","Family business",4,2020-05-25,3475094,610929,978395,691669,641831,552271,1968616,1506478,870001,2129911,189971,138951,146259,709097,905917,1020341,839739,1960308,61373,253557,1197203,2653,1418414,2056681,858936,999476,629335,212650,67104,707594,245710,293337,317556,515337,282818,410863,219216,339291,850966,NA,NA,NA,NA,NA,NA,NA,NA,NA,NA,NA,NA,NA,NA,NA
"34","Did not report",4,2020-05-25,1706587,225621,647673,438172,223960,171160,689483,1017104,491505,813354,269768,25567,106392,319661,645538,395147,346240,826068,30784,276790,552511,20433,866383,840203,300148,327680,344911,133952,25781,574114,144838,192326,93904,143953,148520,124249,65470,24393,768933,NA,NA,NA,NA,NA,NA,NA,NA,NA,NA,NA,NA,NA,NA,NA
"35","Unemploy",4,2020-05-25,116925703,11414824,23312831,21156966,18956271,42084812,52000911,64924792,20098373,72340875,14358804,5681923,4445729,12899095,42171210,36730997,25124401,58870543,8246649,18869734,30285993,652785,39831325,77094379,15504634,30544006,31527105,19319433,5634720,14395806,22131689,13961236,13534155,16966238,11802092,10379661,3651011,4076743,20422878,NA,NA,NA,NA,NA,NA,NA,NA,NA,NA,NA,NA,NA,NA,NA
"36","Nonresp",4,2020-05-25,1110063,82747,238284,307462,284232,197337,598030,512033,284507,546606,202321,61860,14770,179310,363338,277082,290333,211800,19079,54892,108971,715321,180975,929089,50585,27686,47762,9194,5752,969084,17600,16475,5479,30876,7421,8501,10868,6167,1006675,NA,NA,NA,NA,NA,NA,NA,NA,NA,NA,NA,NA,NA,NA,NA
"37","Total",5,2020-06-01,249170916,23146014,68650532,61345994,43424633,52603743,120531610,128639306,41953321,156074374,29034887,12482583,9625752,23012545,74617305,75935814,75605252,133159447,10387801,35409014,68767349,1447305,94534749,154636167,42491062,74964226,63094659,30599507,7957559,30063904,32148918,24237551,25493438,36158724,28873313,31608617,14312572,14257126,42080659,NA,NA,NA,NA,NA,NA,NA,NA,NA,NA,NA,NA,NA,NA,NA
"38","Government",5,2020-06-01,20278938,1693428,6722529,6440668,4191600,1230713,9790991,10487948,3009143,11728919,3342751,1075034,1123090,789419,3532844,5787798,10168877,11766416,621558,2364678,5455788,70498,8457049,11821889,4120174,7296925,4971608,1728965,216846,1944419,1419087,1688760,1673001,2916000,3042836,3759520,1789982,1327487,2662265,NA,NA,NA,NA,NA,NA,NA,NA,NA,NA,NA,NA,NA,NA,NA
"39","Private company",5,2020-06-01,78304118,7366226,28152842,23813855,13483050,5488146,44215032,34089086,13025474,50668722,7524525,4501839,2583559,4819742,22597264,24749800,26137312,43432113,1148899,9713083,23821269,188754,33223845,45080274,15820231,25768921,20459125,6856919,993610,8405313,5174508,6089858,7707503,12059849,10679891,12441509,6209993,6236861,11704147,NA,NA,NA,NA,NA,NA,NA,NA,NA,NA,NA,NA,NA,NA,NA
"40","Nonprofit organization",5,2020-06-01,13508135,743202,4996950,4108286,2344324,1315373,4366316,9141818,1782543,8759963,1763962,749973,451694,377673,1695744,3187156,8247561,8106845,227422,1740222,3389291,44354,5380928,8127207,3115875,4743821,3102272,1132405,124457,1289305,789208,950604,1040509,2109876,1879040,2553698,1138613,1329841,1716744,NA,NA,NA,NA,NA,NA,NA,NA,NA,NA,NA,NA,NA,NA,NA
"41","Self-employed",5,2020-06-01,12520262,810861,2489458,4200460,2789532,2229951,6857876,5662386,2039800,8479122,965136,614355,421849,1414345,2952014,3787310,4366593,8397588,292710,1669788,2138686,21489,5177755,7342507,2848359,4037608,2920873,1120995,445987,1146440,1344277,1147843,1484358,1717696,1479863,1596001,784035,1288179,1678010,NA,NA,NA,NA,NA,NA,NA,NA,NA,NA,NA,NA,NA,NA,NA
"42","Family business",5,2020-06-01,3662572,1026635,997708,803296,463661,371273,2175871,1486701,918624,2442983,94124,128259,78583,557085,1079138,1296089,730260,1776807,93026,317625,1444730,30383,1749127,1913445,902432,928492,741661,357923,36612,695452,313621,221905,428087,450506,233494,383109,370497,333367,927986,NA,NA,NA,NA,NA,NA,NA,NA,NA,NA,NA,NA,NA,NA,NA
"43","Did not report",5,2020-06-01,1802389,321906,514406,468645,367127,130305,660881,1141507,305243,1093068,264055,34882,105141,206342,750718,490459,354870,736232,39347,358938,659830,8043,740508,1061881,258571,552403,413892,206435,15002,356086,269626,147194,116921,235403,207199,108577,43900,60649,612920,NA,NA,NA,NA,NA,NA,NA,NA,NA,NA,NA,NA,NA,NA,NA
"44","Unemploy",5,2020-06-01,117646085,11030910,24487205,21157542,19575859,41394570,51883845,65762240,20532396,72204681,14821797,5255190,4832021,14640130,41447166,36245279,25313511,58529459,7930594,19122947,31698997,364089,39529408,78116677,15398360,31583523,30354537,19021477,6093341,15194847,22734468,13928272,13002675,16647261,11309088,10753971,3973342,3680394,21616614,NA,NA,NA,NA,NA,NA,NA,NA,NA,NA,NA,NA,NA,NA,NA
"45","Nonresp",5,2020-06-01,1448417,152846,289434,353242,209481,443413,580798,867619,340097,696917,258537,123050,29816,207808,562417,391924,286268,413987,34244,121732,158758,719695,276129,1172288,27061,52532,130692,174387,31704,1032040,104124,63113,40383,22133,41903,12231,2210,348,1161972,NA,NA,NA,NA,NA,NA,NA,NA,NA,NA,NA,NA,NA,NA,NA
"46","Total",6,2020-06-08,249170916,21334784,70012035,61408277,43884037,52531784,120531610,128639306,42203896,156099786,28434812,12355358,10077064,20397683,77244686,75952157,75576390,131731278,10964962,36424004,68317938,1732734,94616553,154554363,40918176,74456906,65671064,32630343,7664323,27830105,32224302,24456348,25757534,38277187,27897283,32028408,14094033,13669365,40766456,NA,NA,NA,NA,NA,NA,NA,NA,NA,NA,NA,NA,NA,NA,NA
"47","Government",6,2020-06-08,19510393,1417558,6646573,6562945,3784079,1099237,8648176,10862217,3022260,11354916,3322048,848809,962360,423930,3786923,5256167,10043373,11225469,431285,2449908,5296936,106795,8558621,10951771,3810154,6529783,5471875,1596918,224508,1877155,1129360,1141522,1895501,3099650,3144884,3520203,1859555,1092005,2627713,NA,NA,NA,NA,NA,NA,NA,NA,NA,NA,NA,NA,NA,NA,NA
"48","Private company",6,2020-06-08,80610584,7525619,29975833,24157566,13394010,5557557,46118838,34491745,13261423,51453656,8422923,4370781,3101801,4508719,23823055,26298208,25980601,42747043,1383965,10280244,25900930,298400,33794279,46816305,15356991,27139221,21430230,7283423,908851,8491867,5271086,6942526,8168385,13013248,9361345,12896145,6420527,6306344,12230978,NA,NA,NA,NA,NA,NA,NA,NA,NA,NA,NA,NA,NA,NA,NA
"49","Nonprofit organization",6,2020-06-08,13641247,516372,5212747,4201540,2271540,1439048,4566945,9074302,1724356,8880260,1769257,850903,416470,122488,1744762,3544842,8229154,8456182,214548,1704804,3199721,65992,5565368,8075879,3135516,5182435,3109068,1084273,63097,1066858,583263,984007,1294231,2182667,1939421,2505022,1238877,1362873,1550886,NA,NA,NA,NA,NA,NA,NA,NA,NA,NA,NA,NA,NA,NA,NA
"50","Self-employed",6,2020-06-08,13713455,683255,2788413,4754181,3226271,2261335,7460078,6253377,2326199,9082132,792067,951136,561921,1637208,3479199,3932531,4664517,8530284,335463,2169937,2647381,30390,5744515,7968940,2711332,4489311,3492626,1232185,182573,1605430,1464924,1321706,1316872,2081515,1500388,1872620,711196,1232005,2212229,NA,NA,NA,NA,NA,NA,NA,NA,NA,NA,NA,NA,NA,NA,NA
"51","Family business",6,2020-06-08,3725956,845016,982961,780388,671762,445830,1959078,1766877,955375,2270067,168682,198104,133729,223896,1383296,1350484,768280,2043186,81610,214922,1355624,30613,1742513,1983443,911564,956904,775367,501610,58579,521931,504521,287372,328450,622743,300145,452688,217933,286146,725956,NA,NA,NA,NA,NA,NA,NA,NA,NA,NA,NA,NA,NA,NA,NA
"52","Did not report",6,2020-06-08,1526317,69791,463330,474376,302709,216112,523840,1002477,339828,794734,264087,29757,97912,330516,432141,419624,344036,663809,46641,314491,480422,20954,721644,804673,235888,352467,423935,245598,24932,243498,259940,276127,99695,172993,131307,93622,77482,36351,378799,NA,NA,NA,NA,NA,NA,NA,NA,NA,NA,NA,NA,NA,NA,NA
"53","Unemploy",6,2020-06-08,115177728,10154415,23506209,20262768,20072253,41182084,50594076,64583652,20346028,71525413,13561412,5022909,4721965,12987145,42325765,34688799,25176019,57804813,8435214,19243664,29335893,358145,38325876,76851852,14704764,29769655,30909826,20633599,6197865,12962018,22971519,13463935,12579329,17096808,11507018,10671969,3563873,3349845,19973432,NA,NA,NA,NA,NA,NA,NA,NA,NA,NA,NA,NA,NA,NA,NA
"54","Nonresp",6,2020-06-08,1265237,122759,435969,214514,161414,330581,660578,604659,228428,738609,134337,82959,80905,163782,269545,461502,370408,260491,36235,46033,101032,821446,163737,1101500,51966,37131,58137,52737,3918,1061348,39687,39152,75071,7562,12775,16140,4590,3796,1066463,NA,NA,NA,NA,NA,NA,NA,NA,NA,NA,NA,NA,NA,NA,NA
"55","Total",7,2020-06-15,249170916,21386366,68706146,62712917,44444226,51921261,120531610,128639306,42074205,156397084,27991193,12444190,10264244,21752486,75876419,75924056,75617954,136574684,9657889,34437260,67133009,1368073,92942006,156228910,41265444,76247425,69990741,33820323,7508674,20338308,35481948,25789037,26982333,39063820,27710745,31957725,13730274,14459152,33995882,20771253,79418428,46687343,46056949,23837686,13851019,18548237,174384640,56733965,54709777,26882673,31556057,63740950,11999938,4535049
"56","Government",7,2020-06-15,19722888,1794125,6660469,6193199,3870295,1204800,9730093,9992795,2840291,11373590,3628817,984759,895431,752568,3950770,5981092,9038458,12041341,264957,1908107,5447974,60508,8719087,11003801,4277055,6707674,5279991,1710650,310317,1437201,1389940,1539473,1734223,2966434,2861565,3943568,1727515,1030980,2529189,1622084,4937772,4987698,4303143,1786352,1195365,890473,17507676,4686519,3349876,1015118,980585,4473525,667594,207778
"57","Private company",7,2020-06-15,81576627,7887962,29586101,25302186,13418121,5382256,46134311,35442316,13894455,51795820,7810584,4788061,3287708,5337783,23148563,26616440,26473840,43891398,1417192,9979008,26074683,214347,33296572,48280055,15882904,28133510,22387301,8110183,1218142,5844587,6083116,7786672,9014642,13591957,10092848,12385855,5847887,6976759,9796892,5713478,24026455,16988426,17005241,8568965,5372578,3901485,70168724,20849927,17424908,6795834,6898409,17992674,4118201,765276
"58","Nonprofit organization",7,2020-06-15,13092030,591476,4942986,4082131,2515692,959746,4452307,8639723,1460456,8614262,1767289,773636,476387,438793,2025790,3070051,7557396,8048806,194054,1442347,3375298,31525,5513130,7578900,2920346,5135263,3025578,954958,98702,957184,649517,1092889,1136481,2144452,1963973,2490316,957471,1069031,1587899,1267942,3883788,2683095,2614846,1505016,444767,692577,11851675,3731335,2224777,819533,461274,2517150,609937,109912
"59","Self-employed",7,2020-06-15,14375959,440276,3570906,4359570,3648838,2356369,7914644,6461316,2621001,9294805,863757,803873,792524,2358134,3520978,3676295,4820552,9564172,262749,2117672,2395176,36190,5752669,8623291,3393457,4557851,3938174,1312053,160967,1013456,2120239,1352285,1392231,1953257,1581428,1858796,943785,1256391,1917547,888779,4329861,2385087,3387712,1547013,782421,1055085,10116387,4007146,3707281,1717850,1023027,4102786,1270563,182363
"60","Family business",7,2020-06-15,4186464,914658,1347565,961586,579255,383400,2252318,1934145,1140354,2533252,178499,201486,132874,437431,1493134,1262373,993525,2113652,52787,287122,1712359,20544,1958916,2227548,1164840,1153686,1096802,324984,43270,402883,412236,386823,285722,785446,442153,457541,273984,334669,807890,225185,948514,606710,1232939,476877,330546,365693,3067035,789405,1150538,409807,276136,881050,237218,144372
"61","Did not report",7,2020-06-15,1900949,167807,541353,616575,275202,300013,653012,1247937,376257,1260111,162705,50851,51024,329585,646526,535667,389171,780195,31659,353430,716478,19187,795243,1105706,404014,513405,512562,165743,41468,263756,424381,222179,125616,231928,173113,203789,150679,37733,331531,136031,607306,212802,425966,199854,88891,230099,1435558,298859,259081,222609,162817,503610,34788,133861
"62","Unemploy",7,2020-06-15,113325843,9515847,21740055,20948222,19940530,41181189,48953608,64372235,19659183,70912823,13359268,4779138,4615431,12023659,40776208,34443082,26082893,59963849,7414576,18244168,27251662,451588,36822784,76503059,13194623,29919006,33563107,21205811,5609847,9833449,24275220,13339839,13254697,17360744,10588487,10603426,3826219,3739438,16337772,10849106,40279496,18613655,16859372,9732167,5621715,11370332,60078991,22343565,26559417,15880158,21643596,33180749,5061204,2306323
"63","Nonresp",7,2020-06-15,990156,74215,316711,249450,196293,153488,441317,548840,82209,612421,220274,62387,12865,74534,314448,339055,262119,171272,19916,105407,159378,534183,83606,906550,28205,127029,187226,35942,25960,585793,127297,68877,38720,29603,7178,14434,2734,14150,687163,68648,405236,209870,227730,21443,14737,42493,158593,27209,33898,21764,110213,89406,432,685164
"64","Total",8,2020-06-22,249170916,22065765,69572453,61673890,43355302,52503506,120531610,128639306,41971432,156017654,29187440,12315924,9678466,23163250,74455452,75943608,75608607,134702603,10704592,33610412,68864702,1288607,96266529,152904387,41564280,72665058,69323050,35687314,9009634,20921581,35503193,25457537,28641286,39630792,27783245,31588599,13824615,14831642,31910008,20681209,77126805,47075328,46621106,26079685,13008471,18578313,175514392,57978953,55574604,26669874,31965515,54990366,10770840,4364546
"65","Government",8,2020-06-22,20161563,1379076,6872098,6564125,4095824,1250441,9803427,10358136,3357194,11878643,2825778,1278461,821487,947700,4191563,5513345,9508955,12088352,408951,1997824,5601402,65033,8797867,11363695,4179007,6475839,5751683,1930652,312016,1512365,1487127,1453375,2030119,3044847,3039567,3975127,1572720,1361421,2197259,1385272,5269452,5033496,4644894,2064463,923485,840500,18102366,5091734,3847434,1302192,1059715,3874903,832098,109560
"66","Private company",8,2020-06-22,82373774,7928105,30262089,24757521,12982265,6443793,45358373,37015400,14303672,51574055,8757806,4517699,3220542,5928011,23650684,27428124,25366955,44820095,1538801,10012023,25865312,137543,36404074,45969700,15792658,26406206,22836347,9332533,1528005,6478025,6989209,7670733,8864941,13321974,10709632,12819504,5722761,6421299,9853720,5621733,22678979,16101246,18013858,9637402,5193475,5127081,71775596,21379990,18076417,6416908,6192322,15972692,3252971,665241
"67","Nonprofit organization",8,2020-06-22,12352778,785337,4315859,3829910,2349367,1072305,3937517,8415261,1616510,8186252,1591597,619409,339009,328724,1856452,3236015,6931586,7273506,344268,1628812,3047986,58206,4753741,7599037,2420714,4468614,3394804,1136564,111183,820899,639507,944540,1064475,2215916,1765192,2523494,1052903,962152,1184600,1099911,3807383,2544722,2763778,1178543,428554,529888,10845670,3065285,2376255,648775,676286,2470123,775098,153485
"68","Self-employed",8,2020-06-22,14263901,767395,3511361,4091952,3696739,2196454,7882976,6380925,2504779,9590057,966436,710490,492140,2022015,3567106,3604706,5070073,8824566,339824,2037068,3036528,25916,5498049,8765853,3385650,4546862,3468452,1618473,163424,1081041,1720178,1511741,1756837,2199385,1448817,1718460,964867,1280228,1663390,754541,4757526,3120948,2366522,1627253,599350,1037761,9927793,3520073,3768849,1744954,1033974,2971515,718090,184907
"69","Family business",8,2020-06-22,4065303,669145,1249054,987613,554964,604527,2120469,1944834,892783,2465540,368655,174997,163327,409266,1345094,1334652,976291,2139303,111409,362536,1446213,5840,1667477,2397826,987071,1271012,859695,403221,55167,489136,554873,297230,505376,496960,538204,429544,281847,246074,715197,162033,1146142,902750,896271,430468,209052,318586,3207760,769716,952344,308807,227186,717417,180750,52368
"70","Did not report",8,2020-06-22,1534382,186643,444787,477178,227815,197958,337524,1196858,438274,745204,293193,28493,29218,210767,646239,394169,283206,707772,96988,262397,466916,309,726222,808160,186372,339114,476891,297668,20073,214264,242887,231240,155882,150873,139712,108257,61920,30202,413409,81019,300544,366080,253168,197613,84356,251602,1176495,383018,229867,153224,216517,385253,46815,39504
"71","Unemploy",8,2020-06-22,113479616,10315762,22602676,20730357,19312261,40518560,50683181,62796435,18634834,71136871,14244700,4897975,4565236,13157296,38886235,34209123,27226962,58624253,7779343,17282377,29265751,527892,38199591,75280025,14555745,29044968,32477690,20898869,6792918,9709426,23783025,13312671,14179863,18181998,10132047,10000007,4164395,4510127,15215484,11464405,38784487,18859558,17606205,10906481,5537148,10321332,60189158,23683076,26272876,16052115,22491176,28461330,4929777,2584434
"72","Nonresp",8,2020-06-22,939600,34301,314530,235233,136067,219468,408144,531457,223385,441033,139276,88400,47507,159471,312079,223472,244579,224755,85007,27375,134595,467867,219508,720092,57064,112442,57489,69334,26847,616425,86389,36007,83794,18840,10074,14206,3203,20140,666948,112294,382293,146528,76410,37461,33051,151563,289554,86061,50562,42899,68339,137133,35241,575048
"73","Total",9,2020-06-29,249170916,21928816,69463707,61784701,43145207,52848484,120531610,128639306,42036547,156163292,29298801,11915879,9756398,22198202,75430512,75944248,75597955,134570038,11197247,34265914,67728932,1408786,97700994,151469922,38173714,72299208,71899451,37148206,9077519,20572819,36051193,27567208,27918569,39582914,27489771,30038284,13735294,14445766,32341916,20333714,74830772,48367085,44992261,26556561,13273102,20817421,175234056,60174837,54029019,27924101,31656711,55259858,11057351,5263114
"74","Government",9,2020-06-29,19318454,1497689,6786547,6145000,3507805,1381413,9320483,9997971,2904472,11562276,3131129,802057,918520,443650,4324322,5591848,8958634,11076498,355352,2309404,5548772,28428,8754814,10563639,3426543,6656460,5703850,2031675,228649,1271277,1181269,1505925,1879075,3356816,2915631,3913846,1566181,1113261,1886448,1277570,5168649,4102391,4152944,2661139,939922,1015839,17131399,4804366,3983929,1182990,1020471,4060137,691914,226781
"75","Private company",9,2020-06-29,79870158,7688769,29706536,23745449,13142735,5586669,44854351,35015807,12171134,51262982,8349481,5028609,3057951,5202720,22184380,26268909,26214149,44073367,1515996,9316887,24703102,260805,34555252,45314905,14071019,25099178,23596167,9105330,1467581,6530883,6545525,7066493,8642849,12961723,10091099,12003371,5719658,6780200,10059240,5034177,22027009,16979602,16539993,9481257,4501037,5307083,69956075,21948584,16881599,6836024,6455405,15311726,3363572,798348
"76","Nonprofit organization",9,2020-06-29,12925895,752353,4841122,3710225,2539416,1082780,4743151,8182744,1859591,8383249,1545118,662421,475516,527983,2163620,2918440,7315853,7326557,413823,1592882,3544605,48029,5425675,7500221,2668977,4561673,3442580,1032497,244918,975251,860187,1326231,1195175,2126148,1539921,2132476,1209259,994926,1541574,1014390,3868949,2477719,2703266,1365419,455707,1040444,11433025,3729961,2550202,877695,826465,2430471,735091,83344
"77","Self-employed",9,2020-06-29,15460419,751178,3994777,4760241,3045108,2909114,8657288,6803131,3104004,9762019,1293223,654057,647117,1938656,4141716,4287515,5092531,9582974,407117,2300712,3104075,65540,6436143,9024276,3209313,4784543,3800501,2202381,200195,1263486,2010910,1611188,1736783,2238267,1727594,2023022,885627,1187940,2039086,1042199,4505914,3039038,2956400,1551181,958523,1407164,11237491,4109874,3828215,1758117,1296348,3105809,881132,416046
"78","Family business",9,2020-06-29,4174803,1127255,1190133,766454,455644,635317,2516245,1658558,1048081,2595156,200776,124229,206562,592848,1542373,1258679,780904,1864839,98423,276389,1920961,14192,2004945,2169859,870557,1396937,1020986,313959,141920,430444,872457,254073,469709,593135,467335,399875,203004,227711,687506,140382,979234,877465,768350,424590,307071,677712,3122762,733362,973169,502784,235949,1005802,246524,31910
"79","Did not report",9,2020-06-29,1758803,90094,691883,470582,282923,223322,550108,1208696,459005,769984,408162,82132,39520,338644,623387,506501,290271,653152,102462,350394,640299,12496,785696,973108,262678,359906,501872,396023,11953,226372,254417,226338,310864,257325,73469,112121,51484,24255,448530,146085,340378,418079,436910,172741,83318,161292,1295568,361363,305988,193786,162994,414965,60059,123454
"80","Unemploy",9,2020-06-29,114708170,9957574,22102703,21968813,19981438,40697642,49458700,65249471,20240125,71286256,14268076,4530613,4383101,13016355,40119578,34859993,26712245,59731504,8288463,18092481,28142006,453717,39578738,75129433,13647847,29379687,33784661,21905140,6771963,9218873,24272844,15556944,13641575,18032134,10657886,9442436,4073575,4111500,14919277,11537522,37465588,20309266,17326766,10877776,6015812,11175441,60909404,24404008,25432479,16537821,21648916,28870843,5059015,2892660
"81","Nonresp",9,2020-06-29,954213,63905,150006,217938,190138,332227,431284,522929,250135,541370,102835,31762,28111,137347,331135,252363,233368,261148,15611,26765,125112,525578,159732,794482,16781,60822,48834,161201,10341,656233,53584,20015,42538,17365,16836,11137,26507,5973,760257,141389,475051,163527,107631,22458,11712,32445,148331,83318,73437,34884,10162,60105,20045,690571
"82","Total",10,2020-07-06,249170916,21558127,69183169,62344781,42948020,53136819,120531610,128639306,42018407,155979386,29131200,12615099,9426824,21769338,75868268,75919725,75613585,134806106,10731247,34719148,67427357,1487058,96598032,152572884,36851428,73484832,70311980,37669516,9620941,21232219,36943102,26992850,27839535,37766937,28043667,30177458,13843366,14598230,32965771,20109135,75787511,47685928,46176561,26240747,13560329,19610706,175998807,60125465,56172629,28225605,32972667,51554831,11320423,4972113
"83","Government",10,2020-07-06,18403002,1445810,6230881,6201593,3316909,1207808,8811065,9591936,2930362,10644023,3138206,881884,808526,633197,4003908,5189550,8576347,10882318,285236,2161788,5031629,42030,8433525,9969476,3000840,6212751,5241398,1822421,379321,1746270,1354614,1166055,1663206,3012875,2749262,3295526,1560855,1187981,2412628,1278376,5127315,3754023,3822315,2363104,1156617,901250,16490197,5212661,3562714,1525273,894228,2887797,928973,223089
"84","Private company",10,2020-07-06,80158989,7940351,28651194,24487468,13463299,5616677,44890578,35268411,13133923,50995493,8429990,4808532,2791051,5592844,23300185,25622618,25643342,43557921,1569510,9687718,25156496,187344,34654596,45504393,14815148,25621335,22308655,9414072,1306749,6693030,6577944,7601207,9205621,11770501,9968267,12378498,5678305,6486242,10492403,5285732,22046496,16511632,17443573,10520645,4114663,4236249,69483804,21392828,17723665,6826526,6411254,13880398,3012453,718922
"85","Nonprofit organization",10,2020-07-06,13022280,613667,5270859,3663567,2360699,1113488,4675671,8346609,1735063,8685079,1496182,712416,393540,347649,1801860,3064896,7807875,7531142,312583,1499836,3636112,42608,5001739,8020541,2807270,4746652,3191905,1312633,181951,781870,828856,971691,1179263,2484700,1723520,2414166,1118676,992034,1309373,892509,4115287,2784855,2601356,1166671,730731,730870,11607069,3782766,2592039,1011132,664634,2204259,521051,99028
"86","Self-employed",10,2020-07-06,15167512,707075,4197434,4420672,2975268,2867063,8427866,6739646,2743773,9886501,1165763,879541,491934,1762831,4093996,4298508,5012177,9531111,314908,2038719,3224736,58038,6426650,8740862,3017392,4978756,3848157,1753054,245935,1324218,2286604,1689962,1291564,2137625,1605071,1777668,1007368,1414483,1957168,944782,4638876,3106560,2539493,1479920,843028,1614853,11677881,4105084,4294247,1887621,1530396,3303457,1259995,141495
"87","Family business",10,2020-07-06,3836206,824876,1134502,963793,457072,455962,1946796,1889409,862235,2242552,297764,333022,100633,483091,1375984,1242935,734196,2020148,73700,191601,1548572,2184,1659116,2177090,591792,1246010,1053167,373630,67351,504256,611250,480376,304784,407736,262746,410593,234225,337471,787025,139722,811349,900913,850701,403568,215329,514623,2800242,1020195,1140824,542753,477113,893237,342365,19689
"88","Did not report",10,2020-07-06,1657971,152519,498131,435282,320204,251834,507909,1150061,486962,919658,170452,39493,41406,88541,744572,470400,354458,832900,72267,216795,530934,5074,744069,913901,229089,389110,616228,118777,59005,245760,289795,186648,142472,218645,129917,170874,84241,74988,360391,104737,324641,404837,310145,207943,149583,156085,1323116,388819,264674,144158,202861,285793,37024,44955
"89","Unemploy",10,2020-07-06,115994926,9729142,22953596,21921762,19933348,41457078,50819562,65175364,19908419,72141994,14250801,4904654,4789059,12713622,40239056,35793462,27248786,60320708,8048466,18869553,28267574,488625,39511960,76482967,12370363,30252629,34011688,22835987,7347974,9176285,24923761,14878363,14044337,17730057,11592579,9718253,4159243,4104669,14843663,11374891,38260213,20064569,18483743,10084562,6336475,11390472,62494114,24168874,26561727,16279079,22785735,28039555,5201977,2965350
"90","Nonresp",10,2020-07-06,930031,144686,246572,250643,121221,166909,452163,477868,217669,464086,182043,55557,10676,147564,308706,237356,236405,129857,54577,53138,31304,661155,166377,763653,19534,37589,40782,38941,32655,760531,70278,18548,8288,4798,12303,11879,453,362,803121,88385,463334,158539,125235,14332,13902,66304,122386,54237,32738,9063,6446,60334,16586,759584
"91","Total",11,2020-07-13,249170916,22542371,68881514,61742504,43502776,52501752,120531610,128639306,42094505,156021220,29051400,11677306,10326484,22542105,75080406,75921633,75626773,135227052,11192294,34876997,66543770,1330804,98155716,151015200,37730647,72557427,71663806,35107276,9964479,22147281,35332289,26802457,27962797,38774009,28285867,30532645,13100943,14748335,33631575,19645749,74872999,47391960,47188636,26544953,13331609,20195010,173603497,61237202,58043861,30386125,33833214,48358853,11263879,5047727
"92","Government",11,2020-07-13,17212812,1456286,5511116,5454928,3233667,1556816,8287651,8925161,2774645,10084738,2641494,804713,907222,630929,3222059,4930357,8429468,10274604,314392,2288429,4309018,26369,7726532,9486281,3272101,5967298,5026595,1561484,186984,1198351,1292770,1097858,1506329,2422804,2598942,3404252,1638043,1226276,2025538,1291284,4497290,3722039,3639498,2181647,837772,1043283,15364053,4739653,3521405,1277709,965017,3021036,854955,400854
"93","Private company",11,2020-07-13,78169767,8463152,27801658,23173313,13635473,5096171,44120870,34048897,12154563,50550016,8187527,4263683,3013978,4875038,22451193,25804230,25039306,43395878,1486796,9210046,23905472,171575,33667137,44502629,14329489,25423198,22272501,8114762,1120890,6908926,5902777,6950673,8095586,13078297,9784955,12416380,5642140,6331928,9967030,5094981,21423308,16280754,17468727,9239269,4212432,4450295,68479289,22172926,17712033,6543621,6115730,12541437,3192503,743805
"94","Nonprofit organization",11,2020-07-13,12948196,797317,5199319,3534186,2227625,1189750,4420222,8527974,1588570,8221081,1892392,704509,541644,851755,1596909,2900872,7598660,7159520,270184,1599250,3874636,44606,5268944,7679252,2987882,4539751,3278127,1142172,139768,860496,1099284,1191049,1320792,1833002,1573213,2251432,1023118,1355398,1300909,1026451,3909328,2660681,2672111,1298514,549900,831211,11789862,3174937,2641061,1185586,660059,1708243,522914,125640
"95","Self-employed",11,2020-07-13,14518189,643009,3426091,4610822,3055422,2782845,7669950,6848239,2393025,9761136,937044,793411,633573,1281675,4179943,4054021,5002550,9513163,489171,2165162,2277132,73561,5864105,8654084,2918806,4622989,3904533,1301591,316611,1453659,1984011,1448893,1447826,2109166,1446741,1695191,891826,1384114,2110422,817910,4489117,2946172,2734383,1425320,827913,1277374,11135844,3460201,3876400,1749284,976364,2634162,771651,170553
"96","Family business",11,2020-07-13,3647834,635942,926593,1311153,435351,338795,2077075,1570758,922072,2155763,297305,200139,72554,662236,1116232,1073519,795848,2085236,43833,213952,1283887,20924,1448767,2199066,693732,1130233,1057529,266220,72099,428020,576797,350551,357734,431098,381980,473408,261450,272437,542378,185350,986835,797290,763971,506039,182185,226163,2945644,1094391,1078024,561114,207060,939655,171741,39102
"97","Did not report",11,2020-07-13,1646468,252170,475653,444849,259620,214176,611215,1035253,556834,738741,276765,41062,33066,263271,593920,523015,266261,666655,44018,230571,651398,53827,731479,914989,147193,425044,412743,296302,80937,284248,278421,142640,201930,203088,88059,119883,30384,41182,540883,50603,435774,402716,274310,221079,126666,135321,1152105,501275,294224,247007,150031,393661,51907,118506
"98","Unemploy",11,2020-07-13,119768455,10230684,25320868,22907017,20339608,40970278,52718611,67049844,21335126,73812991,14665226,4849161,5105951,13772628,41351262,36351383,28293182,61830374,8527384,19118752,29895885,396059,43034183,76734272,13294077,30268953,35630295,22396220,8021698,10157212,24157095,15609183,14858313,18685645,12395227,10132850,3599561,4132800,16197782,11025804,38763812,20417882,19447179,11626926,6565391,11921460,62467558,26073514,28910883,18773782,24734302,27091597,5678653,2514180
"99","Nonresp",11,2020-07-13,1259195,63812,220215,306235,316011,352922,626017,633179,369669,696754,153647,20630,18496,204574,568888,284236,201498,301622,16516,50835,346340,543882,414568,844628,87367,179960,81483,28525,25491,856370,41133,11610,174288,10909,16752,39250,14420,4200,946633,153365,367533,164427,188457,46159,29351,309903,269142,20305,9830,48021,24651,29062,19555,935087
"100","Total",12,2020-07-20,249170916,22630156,69194465,61343870,43971429,52030996,120531610,128639306,42051188,156155629,29087496,11609798,10266805,23159301,74482426,75933484,75595705,133564808,10521133,35430334,68028914,1625727,96619208,152551708,37202462,72321671,69064443,37827671,9752970,23001698,36382112,27477160,28018966,37602400,27393500,29816333,13003356,14566429,34910660,19865149,74967826,46771012,46483431,27838116,13896688,19348694,173427045,60880009,60255775,30229272,35173809,47806301,10542500,5229922
"101","Government",12,2020-07-20,18375500,1548241,5946622,5781490,3899343,1199804,9207731,9167770,2462965,11272151,3088626,695615,856144,759821,3263618,5339618,9012443,11072497,327797,2199245,4749737,26225,7756373,10619127,3102397,6107391,5526326,1804187,290551,1544649,1304461,1272799,1647806,3010247,2574620,3413758,1489519,1195520,2466770,1339437,5403803,3998604,4119360,1948608,784649,781039,16398616,4954936,3814463,1294538,964018,2669514,959237,232222
"102","Private company",12,2020-07-20,78781769,7775222,28328518,23869986,12915233,5892809,44217498,34564271,12908580,50703920,8016302,3922281,3230686,5163117,22500980,25390392,25727279,43914594,1527850,9347008,23802835,189482,34120755,44661014,13442500,25932695,22234135,8942563,1329929,6899947,6363655,7303021,8198197,12781582,9782185,12008690,5435881,6300553,10608006,5291085,20835633,15830620,17160363,10043602,4410096,5210369,69114215,22299067,17911331,7212125,6714611,12766841,3111955,863592
"103","Nonprofit organization",12,2020-07-20,12902299,876806,4738801,3696541,2541133,1049018,4658736,8243563,1479476,8460489,1824492,647768,490073,644951,1660672,2905025,7691651,7068194,265345,1522423,4016266,30071,5364028,7538271,2831329,4618973,3338325,1206835,130726,776112,761550,1023307,1292678,2057322,1886416,2486439,970351,1269086,1155149,872476,3978648,2724250,2808164,1171467,727890,619404,11600718,3405671,2587496,1013840,921645,1981500,596842,80627
"104","Self-employed",12,2020-07-20,13952325,925322,2963451,4152955,3124902,2785695,7354392,6597933,2165552,9604428,981778,685478,515090,1250771,4022254,4235767,4443532,8942291,473494,1839225,2662758,34556,5918622,8033703,2678278,4599709,3556072,1765216,197533,1155516,1769116,1445261,1523857,1884753,1341313,1827849,946499,1370713,1842963,858141,4162853,2679368,2616981,1500730,883083,1251169,10646842,3706405,4101502,1655297,1036073,2378486,682475,175431
"105","Family business",12,2020-07-20,4458950,1004262,1224374,1030890,727126,472298,2700702,1758249,917599,2699867,309533,316000,215951,702368,1497461,1500321,758800,2192763,74820,307510,1883362,495,2072416,2386534,876475,1152384,1280322,375197,203527,571045,755596,584564,407809,579654,321992,394168,173058,429629,812480,124430,1074539,789410,961692,734360,402544,371975,3449588,1318110,1275784,702576,283706,691268,296914,46165
"106","Did not report",12,2020-07-20,1532466,273639,301075,484073,314031,159648,448185,1084281,239242,795270,378820,56442,62692,99038,576140,518229,339059,664210,35213,336147,491325,5571,710822,821644,246516,366296,389590,258951,54449,216664,234462,152945,125521,180305,149103,162428,43673,29893,454135,55960,335793,410090,274096,211950,100724,143854,917215,310554,306027,194484,184108,416526,71685,49748
"107","Unemploy",12,2020-07-20,117952468,10079546,25458320,21970670,20191743,40252189,51296331,66656138,21633018,71907773,14310079,5222703,4878895,14299195,40519137,35732367,27401769,59461751,7791490,19805260,30289649,604318,40335856,77616612,14002143,29385430,32682311,23411260,7538216,10933108,25168219,15655357,14742228,17086918,11332751,9510955,3943922,3968484,16543635,11140296,38747340,20170471,18415156,12116950,6572222,10790034,61100171,24843389,30159997,18134571,25007420,26745912,4818061,2887619
"108","Nonresp",12,2020-07-20,1215138,147117,233303,357265,257919,219534,648037,567102,244755,711731,177866,63511,17275,240038,442164,311765,221171,248507,25124,73515,132982,735010,340336,874802,22825,158794,57362,63462,8040,904655,25054,39905,80870,21618,5120,12045,454,2551,1027521,183324,429218,168198,127619,110449,15480,180850,199678,41877,99176,21841,62228,156253,5330,894518
